{
 "matrix": [
  [
   830.4710236201007,
   0.0,
   627.867851514436
  ],
  [
   0.0,
   825.4802423981737,
   415.18966800273193
  ],
  [
   0.0,
   0.0,
   1.0
  ]
 ],
 "distortion": [
   -0.3479188599066999,
   0.14681561764809847,
   -0.0010364900301292343,
   -0.001150613436995291,
   -0.033981321758988166
 ]
}