{
 "matrix": [
  [
   1083.4477620094715,
   0.0,
   596.9965250314739
  ],
  [
   0.0,
   1075.8310384988097,
   375.5977587966367
  ],
  [
   0.0,
   0.0,
   1.0
  ]
 ],
 "distortion": [
  0.08179461182110684,
  -0.10840459949147022,
  0.006845689130575109,
  -0.017401488019492567,
  0.04539104217020666
 ],
 "rms": 0.7313519777722529
}