{
 "matrix": [
  [
   1097.3387663520302,
   0.0,
   614.1053531279227
  ],
  [
   0.0,
   1090.798847106442,
   429.49732257606695
  ],
  [
   0.0,
   0.0,
   1.0
  ]
 ],
 "distortion": [
  0.11689586201295843,
  -0.5199784733199033,
  -0.0004565757059130622,
  -0.008706649747024026,
  1.0476502704411934
 ],
 "rms": 0.6588157651635014
}