{
 "matrix": [
   [1089.1676898455339,          0,         668.14992572398273],
  [       0,           1089.1676898455339, 350.65507214864351],
  [   0.0,   0.0,   1.0  ]
 ],
 "distortion":  [0.069171069786411507, -0.091579689056869529, 0, 0, .0018885238654473582]
}
