{
 "matrix": [
  [
   850.1221797947615,
   0.0,
   622.2669226954358
  ],
  [
   0.0,
   847.7951726554022,
   419.00219595660406
  ],
  [
   0.0,
   0.0,
   1.0
  ]
 ],
 "distortion": [
  -0.37687332840173615,
  0.19130262760331465,
  -0.002466252816929792,
  -0.0010478623272106558,
  -0.05808206518422606
 ],
 "rms": 0.550689092955036
}