{
 "matrix":[
            [1468.1632655716878,          0,           540.64245568934678],
            [        0,            1468.1632655716878, 322.35454444090772],
            [        0,                   0,                    1        ]
        ]
,
 "distortion": [ 0.24313341925568496,  0,  0,  0, -1.1661345517623012 ]
}

