{
    "matrix":
    [[718.02540665,   0, 306.29075167],
    [  0, 716.74383442, 278.79248039],
    [  0, 0, 1]],
    "distortion":[[ 0.07608043, -0.22768113, -0.00260825, -0.00425322,  0.49783845]]
}