{
    "cam1":{
        "matrix":[
            [718.02540665,   0, 306.29075167],
            [  0, 716.74383442, 278.79248039],
            [  0, 0, 1]],
        "distortion":[
            [ 0.07608043, -0.22768113, -0.00260825, -0.00425322,  0.49783845]
        ]
    },
    "cam2":{
        "matrix":[
            [712.18698603790472, 0, 330.21795922692598], 
            [0, 712.18698603790472, 235.32274423954303], 
            [0, 0, 1]],
        "distortion":[
            [0.071468959300027085, -0.16401274740062791, 0, 0, 0.24746369126806475]
        ]
    }
}